example_id,signal_cancer,signal_cancer_False_proba,signal_cancer_True_proba
50895d1e9e4944059124311b41c992ec,False,0.508125705080289,0.491874294919711
c459220899604163b7800148653745a2,False,0.5049344710273296,0.49506552897267037
6e161a104b7041869c2a57e7fb6abc21,False,0.5049344710273296,0.49506552897267037
0de35e972d4f4b6a9077cd949cf0a879,False,0.5059624687965569,0.4940375312034431
a3a55786dee9488bb1098c2dec2abfcc,False,0.50344739269734,0.4965526073026601
0ceeabb8b1c745ed93658130894ac7d7,False,0.5049344710273296,0.49506552897267037
1452d00b0a8d425c99f8b355db011cb7,False,0.5021585603879073,0.49784143961209265
10b148f3bed24745babe6f5d4abdebc5,False,0.501342276703862,0.49865772329613806
6d9d9f5eebba4b6e9ebdeeb29222b856,False,0.5012146306634409,0.49878536933655915
c6a944ad7eb74903bffa63d7a49ea42f,False,0.5070925416839149,0.4929074583160851
cc313b2255004ee595a8bfecc3e0f6b7,False,0.5060291501368877,0.4939708498631124
fb812e2381a54d7da330f00aa26a743e,False,0.5049344710273296,0.49506552897267037
0d874a1915d64eee9e89e0a89c70c12b,False,0.5049344710273296,0.49506552897267037
b92ae60ab2f54befbf1c24dbac9d8b0f,False,0.5060228979080009,0.4939771020919991
698bca7a5a0e4df4b44d1bb377d0df37,False,0.5049344710273296,0.49506552897267037
9f734236acdc468aab2bd115336c81e6,False,0.5049344710273296,0.49506552897267037
2807be5757e348aaa877747bf2091661,False,0.5049344710273296,0.49506552897267037
63931e48dc0e4ad59ea9bd0b342f757d,False,0.5049344710273296,0.49506552897267037
565891b20ecb4a3fad6aa577e984ce2f,False,0.5059726273232639,0.4940273726767362
57d86d57df2f4c678f4808d16fb63d2f,False,0.5060458140937394,0.4939541859062606
bdee81078fce44c1bde38a801753a8c6,False,0.5049344710273296,0.49506552897267037
07c2e029f0834a36ba9c566a0f46e04a,False,0.5069981751114276,0.49300182488857236
a34a5bafbc464245b8ce6829c6f4ef6a,False,0.5049344710273296,0.49506552897267037
ad212ab96e1a48df9f74ce68e5651428,False,0.5049344710273296,0.49506552897267037
e44c3707b25b4d869f36d2068af5ade8,False,0.5013201892925119,0.49867981070748807
4aeab9b2c9564b70aaf68b8edf1c2288,False,0.5049344710273296,0.49506552897267037
a97667db0fee4f6099abba1efe9b453e,False,0.5049344710273296,0.49506552897267037
c4963f6d2e5c45768b6a11ced1a5e90b,False,0.5011486906008344,0.4988513093991655
2a83a59aed15493ebcda31ac40fb7cab,False,0.5049344710273296,0.49506552897267037
2685d8adbd034e7b8819db2d729e7a83,False,0.5049344710273296,0.49506552897267037
2412c94ffcb246ee8a09ac02b42e5f9d,False,0.5049344710273296,0.49506552897267037
b0a9640d2554431e91e1ca8f00b53954,False,0.5049344710273296,0.49506552897267037
6cb49629bcc947418fda18e7cbdb526b,False,0.5013516195681534,0.49864838043184656
042b413ca2e04325843938b4a66c2878,False,0.5059672898474425,0.4940327101525574
7fb82e60dc4746ac8eaa0dd57e0d9f65,False,0.5049344710273296,0.49506552897267037
072299888ae84b1a9543d1d0da1982f5,False,0.5049344710273296,0.49506552897267037
6d21158b61d648fc8cf8790ef4675e51,False,0.5035533774058776,0.49644662259412237
b814fc692011444c964d5f7b4a7fe3fe,False,0.5049344710273296,0.49506552897267037
6007389c9807453997e41d30d75ccb5f,False,0.5049344710273296,0.49506552897267037
861cff70a1364c6297058c9c8c539faf,False,0.5069271377968689,0.493072862203131
471d3ed9b363405ca2978e07730ae5a8,False,0.5049344710273296,0.49506552897267037
e4b24d40765a499aa3d9de0ab158e7c4,False,0.5049344710273296,0.49506552897267037
e08fed0b5d4a4e3b82abc6ed2ccdf81f,False,0.5071858319476328,0.4928141680523673
657755d240454c40bc31ec77baf23d90,False,0.5049344710273296,0.49506552897267037
484f10248b9f4e96937aadedf4fce493,False,0.5060530323024233,0.4939469676975767
c011e0f5c5e7401ca1a1a880f6ab921b,False,0.5049344710273296,0.49506552897267037
b3b272db5079438487839ea996a10175,False,0.5049344710273296,0.49506552897267037
26d199b480074b4c82f954aac8cbd021,False,0.5049344710273296,0.49506552897267037
c2c553c275704f2eb52ac3b33ff13083,False,0.5049344710273296,0.49506552897267037
8889bf65e51845baa456580b1a35408e,False,0.5049344710273296,0.49506552897267037
0cffe655d8f84d7a82398c0c5a5c176c,False,0.5049344710273296,0.49506552897267037
837b613e9a2b4b5c96bfd12463127989,False,0.5070804271397893,0.49291957286021076
d6d9b2b18d3a4fa0a0b03ec12325043a,False,0.5059893854229291,0.4940106145770708
42f820deba104f018577fe66c1c904dc,False,0.5049344710273296,0.49506552897267037
1ae20e44200545ec9fe06ba0cf9d3fe1,False,0.5049344710273296,0.49506552897267037
1419037e8a514fef811b721b3455f662,False,0.5049344710273296,0.49506552897267037
4e43897974a94d0c857658483e241ff6,False,0.5049344710273296,0.49506552897267037
0f44cc7dab2e4734923753a3c64fcbdf,False,0.5049344710273296,0.49506552897267037
a38e5bbc08374cfeae054254cbae6183,False,0.5014611625010827,0.4985388374989172
b3924184c95949a88634ccf627440f7b,False,0.5049344710273296,0.49506552897267037
89f8d17494974bb3a5c38f90f7002ef9,False,0.5049344710273296,0.49506552897267037
5a1d7b32c69d4411a68ee51a54c29d32,False,0.5069757383200708,0.49302426167992913
2db0d5d68a7b44a48d05192bec37575f,False,0.5049344710273296,0.49506552897267037
c6641ccbf7f04d5fbce237debebebd34,False,0.5070150046772601,0.4929849953227398
258c2d82eeb9472aadaa85b807b1576c,False,0.5049344710273296,0.49506552897267037
b03603bacbd34c1a881868f7a1561889,False,0.5060239325090227,0.49397606749097733
a7728d022a9343dfae830d2181302fc9,False,0.5049344710273296,0.49506552897267037
56690d0043d646979f0b97ac506c0d25,False,0.5049344710273296,0.49506552897267037
f6ba51c47383438cb7ff4822f03f48cd,False,0.5069082929984355,0.49309170700156446
2fde4af43a164f7db40c328130d9cc9e,False,0.5069109524082321,0.49308904759176786
5d73fbd6bdfd4e0aaf1c01d62ec63548,False,0.5049344710273296,0.49506552897267037
ad63b790b61d4247ab8eadcf30b5669f,False,0.5049344710273296,0.49506552897267037
9fbfb544e927481db0127b15a99d298d,False,0.5049344710273296,0.49506552897267037
d9122800aca64474b3dbc56e5a42d520,False,0.5049344710273296,0.49506552897267037
ea4ef81e8bf540f4b0fe8ef2e6f833ff,False,0.5049344710273296,0.49506552897267037
9b950139e9b5456992d35f4454a588ee,False,0.5049344710273296,0.49506552897267037
dc0cd1a258cb4d2097770bd8e4e62fa5,False,0.5049344710273296,0.49506552897267037
4d6e3358caec4dadbf8bb00dbea285f4,False,0.5049344710273296,0.49506552897267037
17377ec69fae430bacd995e6f6f4a07f,False,0.5033947403939676,0.4966052596060324
66035f5f2ccb431ca4c562f8955eb1c4,False,0.5049344710273296,0.49506552897267037
152617f6478a425db7f6f0922c29ac52,False,0.5049344710273296,0.49506552897267037
48db6b48f609405a9ce8fe5b54dd597c,False,0.5049344710273296,0.49506552897267037
fe5b783fafcc49a881853ea44e93c896,False,0.5049344710273296,0.49506552897267037
30116e1e2831474b967a9a88a2f0426a,False,0.5049344710273296,0.49506552897267037
3bba1eae59c9490782fce89b49f37e70,False,0.5049344710273296,0.49506552897267037
c7ea191c189344e0b335969d17c773e6,False,0.5015156700582828,0.49848432994171715
90485a1d40ee485e9764d46d8126e84a,False,0.5049344710273296,0.49506552897267037
c432b1f3c1ad481a8023e273a1302f42,False,0.5049344710273296,0.49506552897267037
4e6b8df087b84fe789b0ba67834a36a6,False,0.5049344710273296,0.49506552897267037
6d7a56d3f4334c42a5321c448f456e53,False,0.5049344710273296,0.49506552897267037
0d6156c32d744c178f578fc36af5f2ab,False,0.5049344710273296,0.49506552897267037
c39b9962427948fda4e195f5e87e5b64,False,0.5049344710273296,0.49506552897267037
4e1a249018134546975c6a06ec83bb92,False,0.5049344710273296,0.49506552897267037
dccffab2eb674399a941507cc43eba9e,False,0.5049344710273296,0.49506552897267037
39ffb419224249098b19d3c989e55565,False,0.5049344710273296,0.49506552897267037
39c875aa1c874a649aeb226818844f2f,False,0.5049344710273296,0.49506552897267037
3f93a78036c64b9782c7b47b4c873d20,False,0.5033997299653605,0.49660027003463947
9b9ddd0e2f5c43f5b8de9bb1bcdad46a,False,0.5049344710273296,0.49506552897267037
ada4ee7601e6406cb5d32832ccfc6276,False,0.5049344710273296,0.49506552897267037
0bab720bf3004b11bf7dee9e93626bb8,False,0.5049344710273296,0.49506552897267037
bac34553608e4bc98487c345e89b3cc7,False,0.5049344710273296,0.49506552897267037
cf2f3966bdd8496ea966d0d8cfb8fd24,False,0.5049344710273296,0.49506552897267037
ebd387d5a3b746cbba4c04be8d2e625b,False,0.5059618165976796,0.4940381834023204
13b023aedf644808a6a4ad1c2e25c21b,False,0.5049344710273296,0.49506552897267037
14cd210965554848a009d9337e6092a3,False,0.50602006788278,0.49397993211722
f50851b5572a4a668237f02979c5b9c7,False,0.5049344710273296,0.49506552897267037
56699a91d8484bb290247336216ec2b2,False,0.5049344710273296,0.49506552897267037
6a2546ff89104e05a3784c8ab9cdd40d,False,0.5049344710273296,0.49506552897267037
273b7ee1362c45a69c81954653de93bf,False,0.5023366776512554,0.4976633223487446
b0511b38abe44b47b24b1c488a6e5d3a,False,0.506002317575394,0.49399768242460596
c7d97f91895242f88a1cb5e8ac5cc1f9,False,0.5049344710273296,0.49506552897267037
7381c238bd834859afb4ef7ac9abc0b9,False,0.5059977133108355,0.4940022866891644
f9563df6f79848f4921dead1f2717698,False,0.5049344710273296,0.49506552897267037
40247a274eec4e458cf9b0f85ca1fde5,False,0.5071687592800884,0.49283124071991163
b4a60a7e629046dda61a4e2869f4e86b,False,0.5071411480866972,0.49285885191330286
ae45a00ee0be43cdac5c8de480625a01,False,0.5049344710273296,0.49506552897267037
8dda2440fdcf4b71b8a03215833e243e,False,0.5049344710273296,0.49506552897267037
fb9b3b2c5ad34ca9a05d3bdba04f8146,False,0.5060198117010217,0.49398018829897833
f59068eb38c2464f96ae1e113126ebe1,False,0.5073081581146965,0.4926918418853035
29b3010c09364d2d90012922576d6b83,False,0.50804942135279,0.49195057864721
15c87b8bb47144c093f040b3a5f4147e,False,0.5049344710273296,0.49506552897267037
0d15eb05e9e14af9915c79b98fbcbd6b,False,0.5014419268390607,0.49855807316093925
c5cc63945d8345978a254d397c620b64,False,0.5049344710273296,0.49506552897267037
4371c072f46243a3b788dd5f77e3faa7,False,0.5049344710273296,0.49506552897267037
4d79a7cbe77646adaa892d669b6a157f,False,0.5049344710273296,0.49506552897267037
2b1fe44359d841868856d40a1287661f,False,0.5049344710273296,0.49506552897267037
401b6aa3976c4ffbacffa9befdad29f4,False,0.5049344710273296,0.49506552897267037
bb26089d4d224d989ba2bc531446fc0a,False,0.5049344710273296,0.49506552897267037
c0095194d6624170b13ec774371e6b10,False,0.5049344710273296,0.49506552897267037
7aa6e6198d2b47d0a81bd742c1d65d63,False,0.5049344710273296,0.49506552897267037
c4571768266045118f8bcc5a53df90af,False,0.5049344710273296,0.49506552897267037
3d3bf35f299941c3b2739001cf885a90,False,0.5049344710273296,0.49506552897267037
e051882eed3749e59dec0528e46814bd,False,0.5049344710273296,0.49506552897267037
a2015299be7e4bd880013edc544ccd8d,False,0.5049344710273296,0.49506552897267037
7175b976f6bc4b2586e7136f21c3230a,False,0.5049344710273296,0.49506552897267037
a1ca6f6aadab4ae8a38fc3b9581173e3,False,0.5079557938644984,0.4920442061355016
65c10850a42a47a39f815ab86db7f0b9,False,0.5059679525326621,0.4940320474673378
ce4493e9c9584ef58ab92bd8d2b4a0da,False,0.5049344710273296,0.49506552897267037
c6e19044860a4998b37afc25554fb97b,False,0.5049344710273296,0.49506552897267037
8ee4a1e5dea74579aad1714d0692c119,False,0.5049344710273296,0.49506552897267037
46a4933b56d741b0936042dc82177d43,False,0.5011450256254402,0.49885497437455983
c49c3a95128f4950bded5df41a8706b4,False,0.5059624687965569,0.4940375312034431
71bb8b9f215f4ae5a4e4c0f7d7b5bfe1,False,0.501309794982727,0.49869020501727307
4044841bd0a742e083e94888d3670220,False,0.5032375024920267,0.4967624975079733
8d0e9399e0f34b3f9efbb31d2bafbd2a,False,0.5049344710273296,0.49506552897267037
08bbf4b71262471aa9f2c29aa6f32e10,False,0.5049344710273296,0.49506552897267037
5624c6fb3cfc4ff59551317648487e9d,False,0.5049344710273296,0.49506552897267037
a085e0838474451688bd175605ae41ef,False,0.5060112080017773,0.4939887919982227
f61964da27e64dd897fc148fb6ca274f,False,0.5049344710273296,0.49506552897267037
15db755303f34fc198adb7367272fc9f,False,0.5049344710273296,0.49506552897267037
7c0639b955684de28d737b34a911d1c1,False,0.507023867567231,0.49297613243276905
0421786962cb405fa6e366ab51bcc942,False,0.5049344710273296,0.49506552897267037
abe5c6866040439c936228ec0d8fab72,False,0.5080657636742983,0.49193423632570166
370ec7d7a82647b18824566e9db56038,False,0.5059796456318922,0.49402035436810776
815a4aadd1474e6ea80c5801d47e9d87,False,0.5013799742691534,0.49862002573084657
f5df705e24c14c2e8a6c9d32df4d5772,False,0.5049344710273296,0.49506552897267037
c47987f3e28644c39407d7a76aefabd4,False,0.5049344710273296,0.49506552897267037
d851da86168a41c1ab21dc9d76cbd5d4,False,0.5049344710273296,0.49506552897267037
d47efb12be8b4e70964076a8d0e1d1ad,False,0.5049344710273296,0.49506552897267037
22fd1568fae040e7ad98864172c0270b,False,0.5049344710273296,0.49506552897267037
ac02ee61ab174570ab66da7529773837,False,0.5049344710273296,0.49506552897267037
9e6a5772c556429e967de8a931041132,False,0.5049344710273296,0.49506552897267037
2d4fddbcd69e4b188361ee818c582a07,False,0.5049344710273296,0.49506552897267037
99af3dfe788740918958c00e565f1aab,False,0.5049344710273296,0.49506552897267037
a1ecad0da461435a85376214495f50ac,False,0.5011311865630453,0.49886881343695466
ed29f63668bf4853b53440bad05b22e8,False,0.5060296760326384,0.49397032396736157
4a2bc585e63b4d49bd41f79e5327dcc6,False,0.5049344710273296,0.49506552897267037
0a598575437444289c946aa1df741b4d,False,0.5049344710273296,0.49506552897267037
2c94c24036fe47498d329895612bf5d4,False,0.5049344710273296,0.49506552897267037
768466b92e7147ae971f19d637c390f5,False,0.5049344710273296,0.49506552897267037
97c938220a674f26a917b236290030f0,False,0.5049344710273296,0.49506552897267037
92fe7a3e1a3646b9aef8d07d4e6a81f3,False,0.5049344710273296,0.49506552897267037
59d989fa0f214b83a63f274f20ff75fb,False,0.5049344710273296,0.49506552897267037
570c27e478e64cb68bd9db1f5bca76a5,False,0.5049344710273296,0.49506552897267037
09a897a56e254fe3ba4c5460ed59148e,False,0.5049344710273296,0.49506552897267037
da88c6948e384473a607ffcac1eb82e3,False,0.5049344710273296,0.49506552897267037
835bee7e67c742dd8914f164263cab22,False,0.5080900002411042,0.49190999975889577
fe46b4395e714ea693a7ca96ec930712,False,0.5090373155303669,0.4909626844696331
0ddf9ca0cf0d43e2b518c2459be9f0d2,False,0.5049344710273296,0.49506552897267037
07dad024fcbf4dc480baf2bf0b863e80,False,0.509301594081071,0.490698405918929
80fb5c4588704fa38b36ea3eb35e109b,False,0.5059849457313315,0.4940150542686685
b71cc1f5614b46c8984a04f19ca04734,False,0.5049344710273296,0.49506552897267037
0b0f8fc34399425c81c30ef5cd31bd69,False,0.5049344710273296,0.49506552897267037
b7d6423498c246bfa76c8232ff2c1db0,False,0.5071212184582714,0.49287878154172854
03c60b2f27e442f09ae6d5d1246524ee,False,0.5049344710273296,0.49506552897267037
888203a0f7e041baa7622612eac68ca2,False,0.5049344710273296,0.49506552897267037
5ca0b10dcd64404a9d75a12f7f412b6d,False,0.5049344710273296,0.49506552897267037
3e23e51a837e4ce3be283b31f210dc75,False,0.5049344710273296,0.49506552897267037
d421e660cd8c47ac9e91250378037a3b,False,0.5060661550401571,0.493933844959843
e5c3dec6203f4b4790b873eef6833961,False,0.5049344710273296,0.49506552897267037
81be56fada52490fb3a4ad408b7ebc34,False,0.5070489729993584,0.49295102700064164
c9b5b7fb356949baa521c0d9b2f8c90e,False,0.5049344710273296,0.49506552897267037
31d52728c5e349c48ec1cd773549b602,False,0.5059198005515643,0.49408019944843573
967b209447dc4b79ba848d340fbe9286,False,0.5049344710273296,0.49506552897267037
947a71ee1f9747c59711b66a26854434,False,0.5049344710273296,0.49506552897267037
6f6fb8a27c3245a88f3774a1e88bd138,False,0.5049344710273296,0.49506552897267037
6fd895170dfa441c90a24015842f015d,False,0.5049344710273296,0.49506552897267037
ed643940afcf4c0188d51100eff2cb02,False,0.5049344710273296,0.49506552897267037
8e22f2d2a9934c2ba14404145e34c486,False,0.5049344710273296,0.49506552897267037
73947e293cb74876b8066e5d8318e5b5,False,0.5049344710273296,0.49506552897267037
